<?xml version="1.0" encoding="UTF-8"?>
<export version="D">
  <design>
    <source>F:/kicad work/Auto-light.sch</source>
    <date>10/01/18 17:08:47</date>
    <tool>Eeschema 4.0.7</tool>
    <sheet number="1" name="/" tstamps="/">
      <title_block>
        <title/>
        <company/>
        <rev/>
        <date/>
        <source>Auto-light.sch</source>
        <comment number="1" value=""/>
        <comment number="2" value=""/>
        <comment number="3" value=""/>
        <comment number="4" value=""/>
      </title_block>
    </sheet>
  </design>
  <components>
    <comp ref="J1">
      <value>Conn_01x02</value>
      <footprint>Pin_Headers:Pin_Header_Straight_1x02_Pitch2.00mm</footprint>
      <libsource lib="conn" part="Conn_01x02"/>
      <sheetpath names="/" tstamps="/"/>
      <tstamp>5B962189</tstamp>
    </comp>
    <comp ref="J2">
      <value>Conn_01x02</value>
      <footprint>Pin_Headers:Pin_Header_Straight_1x02_Pitch2.00mm</footprint>
      <libsource lib="conn" part="Conn_01x02"/>
      <sheetpath names="/" tstamps="/"/>
      <tstamp>5B962205</tstamp>
    </comp>
    <comp ref="U1">
      <value>NE555</value>
      <footprint>Housings_DIP:DIP-8_W7.62mm_LongPads</footprint>
      <libsource lib="linear" part="NE555"/>
      <sheetpath names="/" tstamps="/"/>
      <tstamp>5B962230</tstamp>
    </comp>
    <comp ref="R2">
      <value>1K</value>
      <footprint>Resistors_THT:R_Axial_DIN0204_L3.6mm_D1.6mm_P1.90mm_Vertical</footprint>
      <libsource lib="device" part="R"/>
      <sheetpath names="/" tstamps="/"/>
      <tstamp>5B962255</tstamp>
    </comp>
    <comp ref="R4">
      <value>220</value>
      <footprint>Resistors_THT:R_Axial_DIN0204_L3.6mm_D1.6mm_P1.90mm_Vertical</footprint>
      <libsource lib="device" part="R"/>
      <sheetpath names="/" tstamps="/"/>
      <tstamp>5B962272</tstamp>
    </comp>
    <comp ref="R3">
      <value>20K</value>
      <footprint>Resistors_THT:R_Axial_DIN0204_L3.6mm_D1.6mm_P1.90mm_Vertical</footprint>
      <libsource lib="device" part="R"/>
      <sheetpath names="/" tstamps="/"/>
      <tstamp>5B962291</tstamp>
    </comp>
    <comp ref="R1">
      <value>LDR03</value>
      <footprint>Opto-Devices:Resistor_LDR_4.9x4.2_RM2.54</footprint>
      <libsource lib="opto" part="LDR03"/>
      <sheetpath names="/" tstamps="/"/>
      <tstamp>5B9622B4</tstamp>
    </comp>
    <comp ref="R5">
      <value>220</value>
      <footprint>Resistors_THT:R_Axial_DIN0204_L3.6mm_D1.6mm_P1.90mm_Vertical</footprint>
      <libsource lib="device" part="R"/>
      <sheetpath names="/" tstamps="/"/>
      <tstamp>5BB1D8A4</tstamp>
    </comp>
  </components>
  <libparts>
    <libpart lib="conn" part="Conn_01x02">
      <description>Generic connector, single row, 01x02</description>
      <docs>~</docs>
      <footprints>
        <fp>Connector*:*_??x*mm*</fp>
        <fp>Connector*:*1x??x*mm*</fp>
        <fp>Pin?Header?Straight?1X*</fp>
        <fp>Pin?Header?Angled?1X*</fp>
        <fp>Socket?Strip?Straight?1X*</fp>
        <fp>Socket?Strip?Angled?1X*</fp>
      </footprints>
      <fields>
        <field name="Reference">J</field>
        <field name="Value">Conn_01x02</field>
      </fields>
      <pins>
        <pin num="1" name="Pin_1" type="passive"/>
        <pin num="2" name="Pin_2" type="passive"/>
      </pins>
    </libpart>
    <libpart lib="opto" part="LDR03">
      <description>light dependent resistor</description>
      <docs>http://www.elektronica-componenten.nl/WebRoot/StoreNL/Shops/61422969/54F1/BA0C/C664/31B9/2173/C0A8/2AB9/2AEF/LDR03IMP.pdf</docs>
      <footprints>
        <fp>Resistor*LDR*10x8.5*RM7.6*</fp>
      </footprints>
      <fields>
        <field name="Reference">R</field>
        <field name="Value">LDR03</field>
        <field name="Footprint">Opto-Devices:Resistor_LDR_10x8.5_RM7.6</field>
      </fields>
      <pins>
        <pin num="1" name="~" type="passive"/>
        <pin num="2" name="~" type="passive"/>
      </pins>
    </libpart>
    <libpart lib="linear" part="LM555">
      <aliases>
        <alias>ICM7555</alias>
        <alias>LMC555xM</alias>
        <alias>LMC555xMM</alias>
        <alias>LMC555xN</alias>
        <alias>TLC555CD</alias>
        <alias>TLC555CP</alias>
        <alias>TLC555CPS</alias>
        <alias>NA555</alias>
        <alias>NE555</alias>
        <alias>SE555</alias>
        <alias>SA555</alias>
      </aliases>
      <description>Timer, DIP-8/SOIC-8/SSOP-8</description>
      <docs>http://www.ti.com/lit/ds/symlink/lm555.pdf</docs>
      <footprints>
        <fp>SOIC*3.9x4.9mm*Pitch1.27mm*</fp>
        <fp>DIP*W7.62mm*</fp>
        <fp>TSSOP*3x3mm*Pitch0.65mm*</fp>
      </footprints>
      <fields>
        <field name="Reference">U</field>
        <field name="Value">LM555</field>
      </fields>
      <pins>
        <pin num="1" name="GND" type="power_in"/>
        <pin num="2" name="TR" type="input"/>
        <pin num="3" name="Q" type="output"/>
        <pin num="4" name="R" type="input"/>
        <pin num="5" name="CV" type="input"/>
        <pin num="6" name="THR" type="input"/>
        <pin num="7" name="DIS" type="input"/>
        <pin num="8" name="VCC" type="power_in"/>
      </pins>
    </libpart>
    <libpart lib="device" part="R">
      <description>Resistor</description>
      <footprints>
        <fp>R_*</fp>
        <fp>R_*</fp>
      </footprints>
      <fields>
        <field name="Reference">R</field>
        <field name="Value">R</field>
      </fields>
      <pins>
        <pin num="1" name="~" type="passive"/>
        <pin num="2" name="~" type="passive"/>
      </pins>
    </libpart>
  </libparts>
  <libraries>
    <library logical="device">
      <uri>F:\KiCad\share\kicad\library\device.lib</uri>
    </library>
    <library logical="conn">
      <uri>F:\KiCad\share\kicad\library\conn.lib</uri>
    </library>
    <library logical="linear">
      <uri>F:\KiCad\share\kicad\library\linear.lib</uri>
    </library>
    <library logical="opto">
      <uri>F:\KiCad\share\kicad\library\opto.lib</uri>
    </library>
  </libraries>
  <nets>
    <net code="1" name="Net-(J1-Pad1)">
      <node ref="J1" pin="1"/>
      <node ref="R5" pin="1"/>
      <node ref="R4" pin="2"/>
    </net>
    <net code="2" name="Net-(R5-Pad2)">
      <node ref="U1" pin="3"/>
      <node ref="R5" pin="2"/>
    </net>
    <net code="3" name="GND">
      <node ref="U1" pin="1"/>
      <node ref="R3" pin="1"/>
      <node ref="J1" pin="2"/>
      <node ref="J2" pin="2"/>
    </net>
    <net code="4" name="+9V">
      <node ref="R1" pin="1"/>
      <node ref="U1" pin="4"/>
      <node ref="U1" pin="6"/>
      <node ref="R4" pin="1"/>
      <node ref="J2" pin="1"/>
      <node ref="U1" pin="8"/>
    </net>
    <net code="5" name="Net-(U1-Pad5)">
      <node ref="U1" pin="5"/>
    </net>
    <net code="6" name="Net-(U1-Pad7)">
      <node ref="U1" pin="7"/>
    </net>
    <net code="7" name="Net-(R2-Pad1)">
      <node ref="U1" pin="2"/>
      <node ref="R2" pin="1"/>
    </net>
    <net code="8" name="Net-(R1-Pad2)">
      <node ref="R1" pin="2"/>
      <node ref="R3" pin="2"/>
      <node ref="R2" pin="2"/>
    </net>
  </nets>
</export>
